"proevenr","kategori","afsendt","modtaget","besvaret","kvitteret"
92,"101",2025-01-06 08:13:24.484652,2025-01-06 08:51:30.379078,2025-01-08 14:12:39.352566,2025-01-08 15:54:32.620833
80,"101",2025-01-06 08:30:49.871191,2025-01-06 09:15:42.244439,2025-01-08 23:42:54.870518,2025-01-09 03:30:02.091104
35,"101",2025-01-06 08:48:47.955303,2025-01-06 10:02:35.782195,2025-01-08 06:48:39.801924,2025-01-08 09:47:58.750567
37,"101",2025-01-06 09:20:55.692034,2025-01-06 10:03:34.908562,2025-01-09 02:14:39.05148,2025-01-09 02:51:25.755887
77,"101",2025-01-06 09:33:28.689986,2025-01-06 09:49:29.88143,2025-01-08 15:28:10.876305,2025-01-08 17:11:35.724397
119,"221",2025-01-06 12:43:27.696363,2025-01-06 13:04:49.715852,2025-01-07 03:00:43.946514,2025-01-07 05:19:37.207811
123,"218",2025-01-06 12:46:20.831902,2025-01-06 12:51:20.831902,2025-01-06 13:35:15.976577,2025-01-06 13:47:25.590464
43,"101",2025-01-06 14:30:18.288675,2025-01-06 15:06:24.667869,2025-01-09 06:12:31.07578,2025-01-09 07:46:26.454441
55,"101",2025-01-06 14:40:28.789832,2025-01-06 15:16:07.375443,2025-01-09 06:50:28.270305,2025-01-09 08:23:16.039265
71,"101",2025-01-06 15:28:19.623833,2025-01-06 16:08:43.890066,2025-01-08 23:01:49.963398,2025-01-09 02:39:32.355554
125,"218",2025-01-06 20:36:25.872795,2025-01-06 20:49:14.608387,2025-01-06 21:25:01.201176,2025-01-06 21:54:51.101658
118,"221",2025-01-06 21:36:12.896269,2025-01-06 22:16:12.818125,2025-01-07 07:41:54.976055,2025-01-07 09:24:53.845227
25,"101",2025-01-06 22:01:58.235139,2025-01-06 22:46:56.048002,2025-01-09 03:55:21.455023,2025-01-09 07:43:55.230375
89,"101",2025-01-06 22:23:58.176867,2025-01-06 22:52:14.608956,2025-01-07 21:30:44.363991,2025-01-08 00:54:35.10987
88,"101",2025-01-06 23:21:00.216288,2025-01-07 00:17:05.252235,2025-01-08 14:27:51.222221,2025-01-08 17:03:43.420028
18,"101",2025-01-07 03:56:16.356329,2025-01-07 05:35:18.625529,2025-01-09 23:18:35.842227,2025-01-10 01:28:24.140977
8,"101",2025-01-07 06:43:26.358009,2025-01-07 07:25:59.537803,2025-01-08 18:47:04.328017,2025-01-08 21:46:38.92511
22,"101",2025-01-07 07:33:11.90944,2025-01-07 07:48:47.38655,2025-01-09 03:35:42.030414,2025-01-09 05:47:02.894136
72,"101",2025-01-07 07:36:01.756121,2025-01-07 08:37:45.699003,2025-01-09 09:10:44.413648,2025-01-09 11:16:03.092472
82,"101",2025-01-07 10:36:41.069907,2025-01-07 11:10:00.139143,2025-01-08 15:12:54.548968,2025-01-08 16:08:17.964921
111,"221",2025-01-07 10:49:19.400402,2025-01-07 12:14:43.269147,2025-01-07 17:38:15.756841,2025-01-07 19:37:43.15353
106,"221",2025-01-07 11:08:11.050105,2025-01-07 11:54:14.734604,2025-01-07 18:44:02.651742,2025-01-07 20:41:55.159308
58,"101",2025-01-07 12:48:20.66702,2025-01-07 13:17:20.328407,2025-01-09 13:50:51.890591,2025-01-09 16:40:34.656713
66,"101",2025-01-07 15:56:53.836132,2025-01-07 17:10:32.742445,2025-01-10 05:57:10.945304,2025-01-10 07:42:35.255281
103,"221",2025-01-07 16:21:52.828771,2025-01-07 17:08:50.903276,2025-01-08 04:00:22.137455,2025-01-08 06:18:25.665654
75,"101",2025-01-07 17:09:53.775013,2025-01-07 18:12:11.508587,2025-01-09 13:26:40.55999,2025-01-09 16:53:27.443481
38,"101",2025-01-07 19:05:12.146764,2025-01-07 20:14:13.944845,2025-01-09 19:57:50.509749,2025-01-09 20:39:26.476493
93,"101",2025-01-07 19:15:23.109959,2025-01-07 20:05:26.244003,2025-01-09 10:20:31.223936,2025-01-09 12:50:25.279204
73,"101",2025-01-07 20:36:09.899026,2025-01-07 20:46:15.831993,2025-01-09 22:39:36.053729,2025-01-10 01:53:56.996279
108,"221",2025-01-07 21:52:59.722385,2025-01-07 22:46:45.798829,2025-01-08 06:10:50.147509,2025-01-08 08:55:51.589261
87,"101",2025-01-07 23:26:43.81548,2025-01-08 00:25:44.714062,2025-01-11 05:56:39.155374,2025-01-11 07:38:21.954737
70,"101",2025-01-08 00:28:41.458537,2025-01-08 01:31:36.137236,2025-01-10 02:15:29.896032,2025-01-10 04:36:26.589534
14,"101",2025-01-08 03:00:43.352961,2025-01-08 03:35:38.292404,2025-01-10 02:35:04.822463,2025-01-10 03:57:14.187428
59,"101",2025-01-08 04:05:46.00052,2025-01-08 04:40:05.809724,2025-01-09 16:27:25.657348,2025-01-09 18:09:57.237596
67,"101",2025-01-08 05:48:34.144573,2025-01-08 06:13:42.91356,2025-01-10 15:59:12.939176,2025-01-10 19:52:44.866526
109,"221",2025-01-08 07:31:38.451766,2025-01-08 08:19:41.581556,2025-01-08 15:46:16.071356,2025-01-08 15:51:16.071356
3,"101",2025-01-08 08:04:17.190639,2025-01-08 08:29:13.340263,2025-01-10 22:32:34.585765,2025-01-11 00:34:54.953051
90,"101",2025-01-08 11:25:36.069854,2025-01-08 11:38:42.564059,2025-01-10 14:55:46.199828,2025-01-10 17:37:01.630969
97,"101",2025-01-08 16:05:21.935572,2025-01-08 16:58:26.465458,2025-01-10 14:58:43.969026,2025-01-10 17:25:15.216143
51,"101",2025-01-08 16:09:56.777376,2025-01-08 16:54:07.939206,2025-01-10 03:44:53.98957,2025-01-10 06:28:21.015253
52,"101",2025-01-08 18:22:13.340516,2025-01-08 18:36:11.48673,2025-01-10 19:11:30.46621,2025-01-10 20:21:33.276037
83,"101",2025-01-08 20:24:00.319383,2025-01-08 21:16:22.887462,2025-01-10 14:26:28.853419,2025-01-10 16:55:38.241416
78,"101",2025-01-08 23:05:56.3306,2025-01-09 00:03:47.94104,2025-01-10 09:09:04.585351,2025-01-10 10:02:30.677815
41,"101",2025-01-08 23:45:57.428677,2025-01-09 00:29:14.099919,2025-01-10 15:44:11.913574,2025-01-10 17:42:54.776139
33,"101",2025-01-09 01:22:07.889447,2025-01-09 02:07:07.964908,2025-01-10 11:41:59.603927,2025-01-10 12:55:40.10788
27,"101",2025-01-09 01:33:15.056905,2025-01-09 02:05:58.650977,2025-01-11 08:17:15.496855,2025-01-11 11:25:59.190483
53,"101",2025-01-09 02:56:43.976829,2025-01-09 04:05:04.580288,2025-01-10 13:42:09.559285,2025-01-10 16:26:06.661838
121,"218",2025-01-09 05:05:24.517167,2025-01-09 05:14:11.432673,2025-01-09 05:56:30.939162,2025-01-09 06:36:39.452974
45,"101",2025-01-09 08:40:03.15533,2025-01-09 09:16:46.512711,2025-01-10 16:42:42.992172,2025-01-10 19:19:08.573753
42,"101",2025-01-09 09:24:34.654594,2025-01-09 09:51:49.439772,2025-01-11 21:50:26.016622,2025-01-12 00:30:39.809677
29,"101",2025-01-09 11:13:27.231076,2025-01-09 11:33:57.533535,2025-01-11 03:39:50.185539,2025-01-11 04:49:43.44464
11,"101",2025-01-09 12:57:02.226275,2025-01-09 13:41:32.115214,2025-01-10 23:16:39.322622,2025-01-11 01:12:23.858769
15,"101",2025-01-09 13:48:54.699074,2025-01-09 14:00:41.380178,2025-01-11 19:57:32.148696,2025-01-11 22:32:44.656488
19,"101",2025-01-09 15:51:58.234928,2025-01-09 16:09:43.695451,2025-01-11 13:33:27.990375,2025-01-11 14:19:15.819129
74,"101",2025-01-09 16:37:20.25163,2025-01-09 17:56:07.602335,2025-01-11 23:06:51.226443,2025-01-11 23:28:10.826514
113,"221",2025-01-09 19:59:13.017205,2025-01-09 20:34:48.072838,2025-01-10 04:55:19.325928,2025-01-10 07:36:59.632656
110,"221",2025-01-09 20:38:10.248313,2025-01-09 21:19:52.707215,2025-01-10 06:25:24.736355,2025-01-10 07:43:23.461563
98,"101",2025-01-09 22:31:50.301883,2025-01-09 23:28:34.086927,2025-01-12 09:49:36.825099,2025-01-12 12:04:04.483758
26,"101",2025-01-09 22:35:15.287175,2025-01-09 23:11:41.376517,2025-01-11 21:06:23.78879,2025-01-11 22:16:52.608144
79,"101",2025-01-09 22:38:13.781986,2025-01-09 23:32:53.614622,2025-01-12 16:07:37.674338,2025-01-12 18:15:39.603877
60,"101",2025-01-09 22:40:16.942882,2025-01-09 23:51:02.153177,2025-01-11 19:15:04.286109,2025-01-11 19:40:29.381452
6,"101",2025-01-09 23:25:29.230034,2025-01-10 00:12:35.846609,2025-01-11 10:23:58.886174,2025-01-11 12:20:30.491766
107,"221",2025-01-09 23:26:14.132291,2025-01-10 00:00:05.70394,2025-01-10 08:38:36.598102,2025-01-10 11:57:09.445801
105,"221",2025-01-09 23:45:01.043071,2025-01-10 00:47:46.980474,2025-01-10 10:41:51.672893,2025-01-10 11:41:28.911887
104,"221",2025-01-10 01:39:29.151546,2025-01-10 02:12:36.626365,2025-01-10 08:28:31.937839,2025-01-10 09:23:32.867328
120,"221",2025-01-10 03:09:36.417881,2025-01-10 04:23:26.742599,2025-01-10 10:48:02.183846,2025-01-10 13:11:48.959527
20,"101",2025-01-10 06:13:09.244929,2025-01-10 07:00:53.952391,2025-01-11 15:36:42.337174,2025-01-11 18:39:27.482769
86,"101",2025-01-10 06:44:33.609776,2025-01-10 07:02:50.12579,2025-01-12 11:13:24.257308,2025-01-12 13:00:18.828037
64,"101",2025-01-10 07:24:12.198885,2025-01-10 08:01:56.912787,2025-01-11 09:48:49.708142,2025-01-11 11:28:38.98779
81,"101",2025-01-10 09:47:34.100718,2025-01-10 10:35:35.847789,2025-01-12 20:28:55.84302,2025-01-13 00:54:15.631099
40,"101",2025-01-10 14:51:43.723557,2025-01-10 15:35:40.760175,2025-01-12 04:17:10.302396,2025-01-12 05:45:32.713144
114,"221",2025-01-10 15:34:40.09784,2025-01-10 15:48:44.973531,2025-01-10 23:00:20.007684,2025-01-10 23:05:20.007684
116,"221",2025-01-10 15:42:31.653897,2025-01-10 16:45:20.081464,2025-01-11 00:07:04.139799,2025-01-11 01:43:35.74017
50,"101",2025-01-10 16:06:53.347794,2025-01-10 16:30:45.705698,2025-01-12 04:51:21.863798,2025-01-12 08:12:33.966617
100,"101",2025-01-10 16:08:07.508378,2025-01-10 16:55:42.094092,2025-01-11 21:25:15.450958,2025-01-12 00:21:07.169404
48,"101",2025-01-10 19:39:59.159774,2025-01-10 20:16:19.356935,2025-01-12 19:57:05.162484,2025-01-12 20:16:08.23139
5,"101",2025-01-10 19:52:47.689826,2025-01-10 20:24:27.561736,2025-01-12 03:53:07.140692,2025-01-12 05:44:19.839235
84,"101",2025-01-10 20:41:58.160059,2025-01-10 21:32:51.745266,2025-01-13 05:10:25.942173,2025-01-13 08:33:44.620433
9,"101",2025-01-10 22:29:28.937235,2025-01-10 23:18:14.768877,2025-01-12 15:33:18.640037,2025-01-12 16:18:31.616244
122,"218",2025-01-10 23:26:35.500583,2025-01-10 23:37:56.403565,2025-01-11 00:21:12.781178,2025-01-11 01:04:41.520823
91,"101",2025-01-11 00:13:39.556074,2025-01-11 01:02:45.50637,2025-01-12 16:47:41.322829,2025-01-12 19:06:53.99968
61,"101",2025-01-11 01:30:07.279629,2025-01-11 02:11:36.648585,2025-01-13 12:39:59.682369,2025-01-13 13:49:03.94586
57,"101",2025-01-11 01:54:57.026898,2025-01-11 02:39:47.712458,2025-01-12 17:48:07.071876,2025-01-12 19:30:42.548753
34,"101",2025-01-11 03:14:30.652344,2025-01-11 04:21:58.119916,2025-01-12 22:46:21.904552,2025-01-13 00:55:31.855336
69,"101",2025-01-11 04:40:30.275371,2025-01-11 05:27:12.153042,2025-01-11 21:03:15.185312,2025-01-11 22:38:21.817829
10,"101",2025-01-11 06:31:03.181386,2025-01-11 07:18:26.174535,2025-01-13 05:04:57.846331,2025-01-13 07:02:57.291242
76,"101",2025-01-11 08:52:06.410626,2025-01-11 09:34:05.479439,2025-01-14 01:17:16.538791,2025-01-14 02:35:50.522173
12,"101",2025-01-11 08:56:39.089799,2025-01-11 09:43:48.777073,2025-01-14 10:10:25.974687,2025-01-14 11:24:53.860333
96,"101",2025-01-11 11:28:40.233248,2025-01-11 12:35:23.163073,2025-01-13 06:51:42.269212,2025-01-13 09:57:29.717607
7,"101",2025-01-11 11:51:48.612695,2025-01-11 12:28:21.905637,2025-01-13 04:00:10.421383,2025-01-13 06:29:06.951461
31,"101",2025-01-11 11:58:57.829628,2025-01-11 12:55:18.974341,2025-01-13 09:39:38.781849,2025-01-13 12:24:27.159922
115,"221",2025-01-11 12:59:49.394382,2025-01-11 13:44:00.762314,2025-01-11 21:56:34.310288,2025-01-12 00:05:10.153438
99,"101",2025-01-11 13:00:15.866095,2025-01-11 14:21:34.14023,2025-01-13 15:31:39.249191,2025-01-13 17:16:19.061631
56,"101",2025-01-11 13:59:51.449556,2025-01-11 14:20:05.546762,2025-01-13 01:55:42.20193,2025-01-13 05:06:57.325333
63,"101",2025-01-11 15:49:12.373015,2025-01-11 16:37:28.221274,2025-01-13 21:13:50.397203,2025-01-13 22:44:46.951147
85,"101",2025-01-11 18:25:17.969723,2025-01-11 19:04:42.858475,2025-01-13 19:36:11.649202,2025-01-13 21:24:27.28466
54,"101",2025-01-11 19:59:42.190738,2025-01-11 20:39:13.815896,2025-01-13 22:56:02.636634,2025-01-14 00:03:43.699902
32,"101",2025-01-12 00:28:26.149439,2025-01-12 01:03:34.696615,2025-01-14 12:26:06.222836,2025-01-14 14:00:34.355393
124,"218",2025-01-12 01:08:33.837816,2025-01-12 01:15:53.161414,2025-01-12 02:19:02.98024,2025-01-12 02:50:52.113205
68,"101",2025-01-12 03:17:50.251872,2025-01-12 04:11:55.832229,2025-01-14 01:54:32.560547,2025-01-14 02:31:22.966533
4,"101",2025-01-12 03:31:54.724246,2025-01-12 04:53:52.902528,2025-01-15 05:36:44.997795,2025-01-15 08:20:51.257505
36,"101",2025-01-12 04:10:47.645337,2025-01-12 04:33:51.108815,2025-01-13 23:52:21.403184,2025-01-14 01:47:56.953179
30,"101",2025-01-12 04:34:55.376446,2025-01-12 05:23:30.796175,2025-01-14 20:23:41.017471,2025-01-14 22:19:33.468335
65,"101",2025-01-12 06:49:52.34179,2025-01-12 07:46:40.358048,2025-01-14 07:07:47.699017,2025-01-14 08:58:35.610611
47,"101",2025-01-12 13:23:34.166848,2025-01-12 13:58:56.975438,2025-01-15 02:11:05.881686,2025-01-15 05:20:32.331136
102,"221",2025-01-12 15:15:14.52596,2025-01-12 15:31:10.290482,2025-01-13 00:11:18.710982,2025-01-13 04:17:11.621899
21,"101",2025-01-12 15:54:38.183038,2025-01-12 16:09:45.832957,2025-01-14 20:47:26.685824,2025-01-14 22:18:22.142326
28,"101",2025-01-12 16:20:50.421575,2025-01-12 16:25:50.421575,2025-01-14 13:37:05.841595,2025-01-14 15:38:59.50507
39,"101",2025-01-12 16:24:32.531436,2025-01-12 17:00:08.85594,2025-01-14 19:55:59.412707,2025-01-14 21:09:53.189537
101,"221",2025-01-12 16:58:11.937151,2025-01-12 17:59:07.084291,2025-01-13 04:42:03.932171,2025-01-13 07:30:55.649463
1,"101",2025-01-12 17:42:14.695107,2025-01-12 18:51:15.853557,2025-01-13 18:50:35.710487,2025-01-13 20:50:19.075723
112,"221",2025-01-12 18:46:57.471131,2025-01-12 19:21:22.208067,2025-01-13 02:51:15.623919,2025-01-13 03:23:46.343364
95,"101",2025-01-12 19:45:29.94396,2025-01-12 20:11:18.939427,2025-01-14 18:42:14.841455,2025-01-14 20:25:29.518042
117,"221",2025-01-12 20:18:49.304587,2025-01-12 20:23:49.304587,2025-01-13 07:38:01.380926,2025-01-13 09:08:33.190217
94,"101",2025-01-12 20:55:59.040218,2025-01-12 21:15:06.23726,2025-01-15 23:47:47.03401,2025-01-16 01:14:48.701106
13,"101",2025-01-12 21:04:29.775078,2025-01-12 21:39:47.252795,2025-01-14 22:57:23.121774,2025-01-14 23:55:19.428075
2,"101",2025-01-12 21:32:43.209963,2025-01-12 22:38:36.911267,2025-01-15 02:38:56.086196,2025-01-15 05:24:32.958
16,"101",2025-01-12 21:56:20.783363,2025-01-12 22:33:41.98289,2025-01-14 23:00:38.318931,2025-01-15 00:35:39.557368
24,"101",2025-01-12 23:07:24.947051,2025-01-12 23:32:28.980089,2025-01-14 10:43:25.71222,2025-01-14 12:43:24.845812
46,"101",2025-01-13 00:58:22.32565,2025-01-13 02:05:38.388878,2025-01-16 02:41:36.690843,2025-01-16 04:58:08.335931
49,"101",2025-01-13 03:17:20.605945,2025-01-13 04:16:16.841037,2025-01-15 12:42:52.697081,2025-01-15 14:48:07.045801
44,"101",2025-01-13 03:37:16.939849,2025-01-13 04:21:41.605994,2025-01-15 19:20:52.517351,2025-01-15 20:14:02.550131
17,"101",2025-01-13 04:30:31.343888,2025-01-13 05:05:16.163578,2025-01-15 03:30:09.960382,2025-01-15 04:43:04.364268
62,"101",2025-01-13 05:19:47.8413,2025-01-13 05:43:21.702439,2025-01-15 17:21:26.047043,2025-01-15 18:16:07.37554
23,"101",2025-01-13 06:23:01.717651,2025-01-13 07:10:31.360515,2025-01-15 00:54:49.769282,2025-01-15 02:57:53.392076
236,"221",2025-01-13 08:28:33.990951,2025-01-13 09:20:31.22703,2025-01-13 19:57:10.383093,2025-01-13 20:53:19.588119
175,"101",2025-01-13 10:02:17.853224,2025-01-13 10:56:32.605383,2025-01-15 05:20:40.493913,2025-01-15 08:04:05.49936
131,"101",2025-01-13 11:56:03.083632,2025-01-13 13:12:19.967024,2025-01-15 05:34:49.327,2025-01-15 07:16:17.151609
211,"101",2025-01-13 12:19:07.870156,2025-01-13 12:54:37.82974,2025-01-15 05:51:12.002133,2025-01-15 10:28:36.584733
184,"101",2025-01-13 13:00:48.105509,2025-01-13 13:20:00.485497,2025-01-15 15:18:36.131099,2025-01-15 18:29:53.129035
217,"101",2025-01-13 13:36:04.184853,2025-01-13 13:56:48.708302,2025-01-15 15:53:08.103366,2025-01-15 19:20:41.915157
186,"101",2025-01-13 14:05:40.918011,2025-01-13 14:38:41.899728,2025-01-15 21:54:00.776402,2025-01-16 00:07:11.149241
147,"101",2025-01-13 14:44:23.179847,2025-01-13 15:44:20.122236,2025-01-16 09:20:13.381342,2025-01-16 11:06:04.019124
197,"101",2025-01-13 15:05:19.670218,2025-01-13 16:00:07.01864,2025-01-15 04:22:32.285265,2025-01-15 05:44:06.100887
158,"101",2025-01-13 15:21:45.749431,2025-01-13 16:02:08.909443,2025-01-15 20:27:03.80949,2025-01-15 22:26:16.405759
215,"101",2025-01-13 15:38:11.737634,2025-01-13 16:16:03.81634,2025-01-16 14:39:51.497008,2025-01-16 18:04:08.993679
203,"101",2025-01-13 15:46:27.706999,2025-01-13 16:43:21.620261,2025-01-15 20:53:56.437971,2025-01-16 00:15:42.94626
153,"101",2025-01-13 15:59:48.632639,2025-01-13 16:53:51.199013,2025-01-15 04:00:49.296287,2025-01-15 04:05:49.296287
189,"101",2025-01-13 16:39:33.384911,2025-01-13 17:39:07.095932,2025-01-15 19:02:37.624794,2025-01-15 21:14:44.617568
244,"221",2025-01-13 18:01:09.06485,2025-01-13 18:28:38.1803,2025-01-14 05:04:34.382626,2025-01-14 07:03:29.269672
127,"101",2025-01-13 18:39:28.981469,2025-01-13 19:32:55.765932,2025-01-16 00:15:42.188598,2025-01-16 02:59:12.487462
243,"221",2025-01-13 18:41:57.160298,2025-01-13 19:46:19.839282,2025-01-14 06:11:25.625495,2025-01-14 08:45:01.961684
165,"101",2025-01-13 22:37:50.038397,2025-01-13 23:13:50.729831,2025-01-15 23:23:33.770491,2025-01-16 00:23:16.779022
223,"101",2025-01-13 22:40:39.119069,2025-01-13 22:45:39.119069,2025-01-15 08:16:27.783146,2025-01-15 10:06:39.521853
205,"101",2025-01-14 00:52:34.240154,2025-01-14 01:42:27.477451,2025-01-16 00:27:02.524205,2025-01-16 01:34:01.116097
233,"221",2025-01-14 01:17:26.991699,2025-01-14 01:57:29.04556,2025-01-14 09:27:50.469469,2025-01-14 09:32:50.469469
142,"101",2025-01-14 02:50:40.215857,2025-01-14 03:22:34.677523,2025-01-16 19:51:04.293683,2025-01-16 21:46:57.430641
178,"101",2025-01-14 03:09:09.174001,2025-01-14 03:32:02.482915,2025-01-15 23:26:44.246447,2025-01-16 01:11:24.153324
150,"101",2025-01-14 05:46:53.58891,2025-01-14 06:14:02.987365,2025-01-16 10:14:02.793909,2025-01-16 11:54:54.42735
188,"101",2025-01-14 06:02:10.012787,2025-01-14 06:48:14.222403,2025-01-16 05:50:50.562597,2025-01-16 08:07:35.352814
204,"101",2025-01-14 06:57:11.128979,2025-01-14 07:17:31.756181,2025-01-15 18:38:26.902462,2025-01-15 21:36:07.837812
159,"101",2025-01-14 08:04:45.013721,2025-01-14 09:13:11.704731,2025-01-16 01:19:54.490816,2025-01-16 04:06:28.260125
138,"101",2025-01-14 09:37:02.586531,2025-01-14 11:06:30.827694,2025-01-16 10:24:28.286148,2025-01-16 13:25:05.557065
140,"101",2025-01-14 12:06:10.380434,2025-01-14 13:13:47.322187,2025-01-16 22:11:50.107461,2025-01-16 22:16:50.107461
157,"101",2025-01-14 12:47:21.594885,2025-01-14 13:43:50.822356,2025-01-16 13:41:00.30242,2025-01-16 16:21:04.987489
139,"101",2025-01-14 16:49:30.464993,2025-01-14 17:39:58.51627,2025-01-16 11:13:17.360775,2025-01-16 13:26:42.037152
171,"101",2025-01-14 17:17:06.920307,2025-01-14 17:35:01.399998,2025-01-17 01:23:50.041883,2025-01-17 02:10:10.386821
177,"101",2025-01-14 18:33:41.290254,2025-01-14 19:17:50.924424,2025-01-15 19:54:00.264435,2025-01-15 22:27:26.71005
134,"101",2025-01-14 23:51:00.570679,2025-01-15 00:25:46.647351,2025-01-17 07:59:17.513574,2025-01-17 11:17:48.579906
200,"101",2025-01-15 00:36:32.397459,2025-01-15 01:34:28.075501,2025-01-17 12:28:17.40979,2025-01-17 14:34:20.79233
193,"101",2025-01-15 01:08:18.242776,2025-01-15 01:57:31.080294,2025-01-16 15:34:36.078578,2025-01-16 18:29:05.348626
220,"101",2025-01-15 04:52:30.515228,2025-01-15 05:09:58.766912,2025-01-17 05:45:04.321955,2025-01-17 06:43:03.732733
143,"101",2025-01-15 05:09:08.800488,2025-01-15 06:13:13.553662,2025-01-17 01:41:18.107682,2025-01-17 04:26:58.808928
180,"101",2025-01-15 05:55:27.005988,2025-01-15 07:06:31.043695,2025-01-16 03:46:31.053069,2025-01-16 06:11:47.363852
185,"101",2025-01-15 08:14:40.439743,2025-01-15 09:13:33.366761,2025-01-17 11:41:07.372684,2025-01-17 13:10:32.220441
247,"218",2025-01-15 09:31:42.496413,2025-01-15 09:42:36.909647,2025-01-15 10:18:33.861008,2025-01-15 10:33:45.950316
145,"101",2025-01-15 10:22:12.506075,2025-01-15 11:11:20.425226,2025-01-16 21:10:17.42302,2025-01-17 02:22:57.739264
149,"101",2025-01-15 12:09:43.718539,2025-01-15 13:02:37.986962,2025-01-17 16:10:53.389091,2025-01-17 17:31:05.268191
232,"221",2025-01-15 16:03:15.991621,2025-01-15 16:29:20.478664,2025-01-15 20:07:21.803349,2025-01-15 23:49:43.330713
148,"101",2025-01-15 17:09:25.258868,2025-01-15 17:41:53.369063,2025-01-17 13:25:33.756716,2025-01-17 15:09:59.3312
167,"101",2025-01-15 18:29:52.489191,2025-01-15 19:03:24.31697,2025-01-18 15:34:22.862816,2025-01-18 16:54:15.064949
248,"218",2025-01-15 18:32:58.379202,2025-01-15 19:00:26.970482,2025-01-15 19:39:53.583785,2025-01-15 20:35:09.743416
227,"221",2025-01-15 20:03:30.229229,2025-01-15 20:36:16.108803,2025-01-16 02:22:41.657706,2025-01-16 04:32:29.806603
160,"101",2025-01-15 20:37:39.292966,2025-01-15 21:50:30.536214,2025-01-17 17:19:32.360063,2025-01-17 17:24:32.360063
208,"101",2025-01-15 21:13:57.917025,2025-01-15 22:22:33.552719,2025-01-17 07:34:37.381959,2025-01-17 11:29:09.933743
190,"101",2025-01-15 21:17:34.857001,2025-01-15 22:33:48.174683,2025-01-18 07:29:36.46401,2025-01-18 09:28:49.676457
237,"221",2025-01-15 21:28:08.532791,2025-01-15 22:31:25.047895,2025-01-16 10:06:51.37977,2025-01-16 10:30:02.500869
168,"101",2025-01-15 22:18:00.595855,2025-01-15 22:24:26.845654,2025-01-17 08:23:24.882888,2025-01-17 09:16:37.938191
151,"101",2025-01-15 22:51:15.096501,2025-01-15 23:48:52.078593,2025-01-18 16:52:50.826574,2025-01-18 19:37:23.449142
194,"101",2025-01-16 01:52:01.276871,2025-01-16 02:06:47.26864,2025-01-17 14:37:12.154003,2025-01-17 16:00:36.556586
228,"221",2025-01-16 03:43:26.584668,2025-01-16 03:56:09.412699,2025-01-16 14:25:04.496746,2025-01-16 15:31:47.197935
206,"101",2025-01-16 04:49:19.111141,2025-01-16 05:34:22.437763,2025-01-18 02:49:58.036705,2025-01-18 03:55:57.705089
136,"101",2025-01-16 06:57:27.412943,2025-01-16 07:05:08.436325,2025-01-18 03:58:46.497851,2025-01-18 04:51:04.659124
152,"101",2025-01-16 14:16:51.212374,2025-01-16 14:53:11.966154,2025-01-18 22:51:11.435303,2025-01-18 23:58:43.98167
198,"101",2025-01-16 15:40:22.460233,2025-01-16 16:21:53.794218,2025-01-18 14:06:13.167803,2025-01-18 16:16:24.455938
164,"101",2025-01-16 17:38:14.702302,2025-01-16 18:04:58.727616,2025-01-19 05:44:13.028575,2025-01-19 08:40:54.217128
130,"101",2025-01-16 20:03:07.35584,2025-01-16 20:34:54.729609,2025-01-18 08:28:54.061214,2025-01-18 09:06:57.577716
221,"101",2025-01-16 20:56:45.340738,2025-01-16 21:31:35.923259,2025-01-18 08:39:07.705947,2025-01-18 10:49:21.410444
219,"101",2025-01-17 00:32:30.545987,2025-01-17 01:01:23.101977,2025-01-19 00:18:13.402409,2025-01-19 02:48:31.9276
183,"101",2025-01-17 00:56:15.299495,2025-01-17 01:35:24.605417,2025-01-19 17:07:37.259507,2025-01-19 18:55:55.750523
238,"221",2025-01-17 01:27:55.475688,2025-01-17 02:25:05.405152,2025-01-17 08:04:56.991514,2025-01-17 10:40:56.311433
222,"101",2025-01-17 01:33:33.130858,2025-01-17 02:02:32.008274,2025-01-17 22:31:35.642477,2025-01-18 01:43:38.047856
213,"101",2025-01-17 01:42:35.664665,2025-01-17 02:26:58.193435,2025-01-19 03:48:20.377594,2025-01-19 05:59:32.677206
230,"221",2025-01-17 02:37:22.381878,2025-01-17 03:35:39.848415,2025-01-17 09:07:07.727396,2025-01-17 11:31:35.076616
129,"101",2025-01-17 02:42:45.105883,2025-01-17 03:44:27.787689,2025-01-18 23:49:56.376113,2025-01-19 01:37:50.411879
240,"221",2025-01-17 03:28:00.451424,2025-01-17 04:16:36.041109,2025-01-17 10:26:51.96173,2025-01-17 14:22:56.178155
161,"101",2025-01-17 03:41:45.548426,2025-01-17 04:13:31.158919,2025-01-19 13:07:17.913529,2025-01-19 13:59:36.463748
241,"221",2025-01-17 04:23:36.928606,2025-01-17 04:30:26.837302,2025-01-17 13:33:53.679137,2025-01-17 16:05:51.833209
132,"101",2025-01-17 05:15:15.5278,2025-01-17 05:27:47.956677,2025-01-18 14:56:42.838956,2025-01-18 16:29:32.388565
239,"221",2025-01-17 05:19:39.210328,2025-01-17 05:52:30.152743,2025-01-17 11:34:13.681843,2025-01-17 15:18:12.354782
225,"101",2025-01-17 06:47:12.197144,2025-01-17 07:35:32.80609,2025-01-18 19:11:34.372272,2025-01-18 23:55:12.279269
137,"101",2025-01-17 06:58:17.901145,2025-01-17 07:48:12.116021,2025-01-20 04:33:29.029392,2025-01-20 08:13:44.619692
196,"101",2025-01-17 07:01:07.771844,2025-01-17 08:00:29.535291,2025-01-20 02:34:36.01544,2025-01-20 04:43:17.289584
242,"221",2025-01-17 10:17:52.468368,2025-01-17 11:12:56.003877,2025-01-17 20:53:08.572152,2025-01-17 23:36:19.368873
172,"101",2025-01-17 10:54:14.953008,2025-01-17 10:59:14.953008,2025-01-19 04:35:36.583582,2025-01-19 05:49:46.162303
195,"101",2025-01-17 16:26:09.687892,2025-01-17 17:11:36.570604,2025-01-19 21:06:54.329365,2025-01-20 00:30:41.503362
169,"101",2025-01-17 17:00:25.159763,2025-01-17 17:58:42.428763,2025-01-18 20:36:21.662325,2025-01-18 22:15:47.563643
231,"221",2025-01-17 17:55:02.831894,2025-01-17 18:58:55.784379,2025-01-18 04:05:36.818035,2025-01-18 07:46:37.548857
163,"101",2025-01-17 18:48:19.954089,2025-01-17 19:43:36.200384,2025-01-19 11:52:30.877628,2025-01-19 13:31:20.443093
182,"101",2025-01-17 20:20:30.944035,2025-01-17 20:53:22.556953,2025-01-20 01:57:26.191596,2025-01-20 04:50:14.83924
249,"218",2025-01-17 21:05:06.343172,2025-01-17 21:19:41.020746,2025-01-17 22:20:34.86409,2025-01-17 22:30:04.707149
235,"221",2025-01-18 00:37:37.885643,2025-01-18 01:39:31.602134,2025-01-18 08:58:31.554827,2025-01-18 12:23:40.431886
201,"101",2025-01-18 02:01:40.10149,2025-01-18 02:28:20.354256,2025-01-19 22:39:49.457701,2025-01-19 23:41:25.238746
179,"101",2025-01-18 03:48:54.209344,2025-01-18 04:45:10.740127,2025-01-20 06:50:58.882908,2025-01-20 07:44:10.672582
214,"101",2025-01-18 04:58:47.783614,2025-01-18 05:36:38.115219,2025-01-20 01:45:56.887073,2025-01-20 03:50:30.978958
191,"101",2025-01-18 05:03:26.777561,2025-01-18 05:53:45.527265,2025-01-20 00:43:13.773193,2025-01-20 02:37:46.659171
210,"101",2025-01-18 06:13:01.799926,2025-01-18 07:22:01.773906,2025-01-20 16:33:27.210015,2025-01-20 17:15:18.91107
133,"101",2025-01-18 09:05:34.070245,2025-01-18 10:07:50.745893,2025-01-19 20:43:59.509705,2025-01-19 23:23:47.134625
209,"101",2025-01-18 09:49:00.374912,2025-01-18 10:22:09.008913,2025-01-19 19:58:10.670194,2025-01-19 21:11:32.961889
170,"101",2025-01-18 10:16:15.0432,2025-01-18 10:29:11.994931,2025-01-19 07:26:56.673153,2025-01-19 09:29:55.878717
246,"218",2025-01-18 18:41:57.295797,2025-01-18 18:58:10.868593,2025-01-18 19:54:38.311036,2025-01-18 20:33:22.985981
218,"101",2025-01-18 18:50:09.371305,2025-01-18 19:47:25.315248,2025-01-21 06:57:47.751331,2025-01-21 08:44:33.391707
144,"101",2025-01-18 22:22:41.290849,2025-01-18 23:14:44.832608,2025-01-20 15:51:07.039678,2025-01-20 16:40:19.384558
135,"101",2025-01-19 00:29:44.831184,2025-01-19 00:36:23.993153,2025-01-20 21:20:11.061322,2025-01-20 23:50:14.806437
128,"101",2025-01-19 01:52:02.308976,2025-01-19 02:56:47.492929,2025-01-20 14:56:11.044527,2025-01-20 17:09:13.613286
176,"101",2025-01-19 01:59:01.502892,2025-01-19 03:00:55.25356,2025-01-20 07:43:07.054003,2025-01-20 08:41:09.956309
181,"101",2025-01-19 02:23:33.14291,2025-01-19 02:38:32.877784,2025-01-21 06:07:43.535361,2025-01-21 07:48:20.914239
226,"221",2025-01-19 03:03:59.614209,2025-01-19 04:18:34.620514,2025-01-19 09:15:50.261926,2025-01-19 12:12:13.545611
141,"101",2025-01-19 04:20:54.269242,2025-01-19 05:22:40.672491,2025-01-20 23:31:51.134002,2025-01-21 00:34:34.625775
173,"101",2025-01-19 05:46:24.20658,2025-01-19 06:48:01.691966,2025-01-21 03:29:37.527745,2025-01-21 04:14:51.272323
250,"218",2025-01-19 05:46:47.112945,2025-01-19 06:02:01.6649,2025-01-19 07:02:51.264377,2025-01-19 07:26:21.371463
126,"101",2025-01-19 06:39:47.74096,2025-01-19 07:19:49.56144,2025-01-21 10:52:00.27124,2025-01-21 13:33:19.979149
146,"101",2025-01-19 09:58:05.581509,2025-01-19 11:03:06.917391,2025-01-21 14:59:44.180882,2025-01-21 15:04:44.180882
192,"101",2025-01-19 14:03:28.562631,2025-01-19 15:10:00.634142,2025-01-21 09:10:20.983419,2025-01-21 12:32:15.096334
245,"221",2025-01-19 14:47:18.98668,2025-01-19 14:52:18.98668,2025-01-20 01:01:24.259271,2025-01-20 01:06:24.259271
187,"101",2025-01-19 15:04:30.53836,2025-01-19 16:14:38.826333,2025-01-21 16:00:51.945105,2025-01-21 18:23:05.005022
155,"101",2025-01-19 16:43:11.96942,2025-01-19 17:22:47.504432,2025-01-21 08:25:34.668693,2025-01-21 10:25:28.11737
202,"101",2025-01-19 17:37:23.784969,2025-01-19 17:57:21.596838,2025-01-21 20:06:14.568192,2025-01-21 21:17:03.197201
224,"101",2025-01-19 17:57:15.74472,2025-01-19 18:36:26.620141,2025-01-21 19:58:36.147508,2025-01-21 23:15:33.060616
216,"101",2025-01-19 18:12:02.400259,2025-01-19 18:39:29.202999,2025-01-21 21:46:20.961888,2025-01-21 23:34:50.761841
162,"101",2025-01-19 21:31:57.474892,2025-01-19 22:01:24.631844,2025-01-21 20:49:41.619965,2025-01-21 23:10:37.298423
166,"101",2025-01-19 22:44:43.495536,2025-01-19 23:45:47.014775,2025-01-21 12:45:52.71716,2025-01-21 15:29:18.766997
212,"101",2025-01-19 22:59:39.917222,2025-01-19 23:33:09.848707,2025-01-21 15:37:45.068852,2025-01-21 17:51:31.732944
199,"101",2025-01-19 23:28:59.32521,2025-01-19 23:49:38.085824,2025-01-21 11:28:02.035649,2025-01-21 13:18:36.160694
229,"221",2025-01-20 02:38:14.115454,2025-01-20 03:31:17.103587,2025-01-20 11:31:42.173519,2025-01-20 12:48:07.993981
207,"101",2025-01-20 03:12:04.456783,2025-01-20 03:30:30.605159,2025-01-22 11:36:45.965456,2025-01-22 15:20:09.964734
156,"101",2025-01-20 04:39:15.16071,2025-01-20 05:33:33.775851,2025-01-22 07:15:29.723927,2025-01-22 09:14:42.561579
234,"221",2025-01-20 05:47:02.63759,2025-01-20 06:05:28.513828,2025-01-20 16:19:01.083706,2025-01-20 17:28:58.690851
154,"101",2025-01-20 05:54:09.797299,2025-01-20 06:46:31.396154,2025-01-21 22:24:45.239488,2025-01-22 00:30:22.803938
174,"101",2025-01-20 07:53:44.43873,2025-01-20 08:43:45.755236,2025-01-22 12:12:17.640454,2025-01-22 15:13:18.026774
265,"101",2025-01-20 08:21:10.053073,2025-01-20 09:09:09.607914,2025-01-22 08:25:43.975995,2025-01-22 10:24:28.96396
337,"101",2025-01-20 08:52:33.738931,2025-01-20 09:27:40.816471,2025-01-23 09:28:14.583799,2025-01-23 10:28:46.772581
292,"101",2025-01-20 09:52:03.932221,2025-01-20 10:58:19.887172,2025-01-21 18:49:21.875675,2025-01-21 21:33:36.856369
340,"101",2025-01-20 13:01:14.353754,2025-01-20 13:06:14.353754,2025-01-22 10:22:44.976562,2025-01-22 10:35:52.667536
373,"218",2025-01-20 14:23:51.974109,2025-01-20 14:28:51.974109,2025-01-20 15:27:04.89492,2025-01-20 15:59:39.479841
353,"221",2025-01-20 14:37:52.952618,2025-01-20 15:08:42.543726,2025-01-21 01:01:44.328244,2025-01-21 03:03:22.314323
285,"101",2025-01-20 16:01:18.823711,2025-01-20 16:37:17.225623,2025-01-22 15:15:31.099495,2025-01-22 16:18:08.386665
286,"101",2025-01-20 18:27:38.499289,2025-01-20 18:56:44.643019,2025-01-23 14:08:07.900486,2025-01-23 15:26:38.392895
369,"221",2025-01-20 19:45:12.122026,2025-01-20 20:54:02.182197,2025-01-21 02:47:12.923967,2025-01-21 04:27:45.859916
281,"101",2025-01-20 21:13:50.583237,2025-01-20 21:55:57.899184,2025-01-22 03:49:49.937249,2025-01-22 07:14:13.207708
360,"221",2025-01-20 21:50:23.65414,2025-01-20 22:29:43.962445,2025-01-21 07:59:28.650118,2025-01-21 09:19:41.066041
327,"101",2025-01-20 23:44:11.576485,2025-01-21 00:38:10.566597,2025-01-23 00:56:25.076186,2025-01-23 02:55:37.49754
288,"101",2025-01-21 00:45:51.5927,2025-01-21 01:38:28.159459,2025-01-23 01:02:32.559858,2025-01-23 02:41:52.416636
335,"101",2025-01-21 01:26:41.052994,2025-01-21 01:53:01.452452,2025-01-22 16:04:30.086483,2025-01-22 19:04:01.435385
363,"221",2025-01-21 01:38:22.463416,2025-01-21 02:33:54.752127,2025-01-21 13:23:06.991927,2025-01-21 14:50:29.388067
283,"101",2025-01-21 02:35:56.105296,2025-01-21 03:24:33.841355,2025-01-23 09:41:57.899905,2025-01-23 10:34:21.044812
290,"101",2025-01-21 04:19:01.375926,2025-01-21 05:15:50.561842,2025-01-22 23:14:07.721546,2025-01-23 00:37:56.900793
366,"221",2025-01-21 04:56:19.946319,2025-01-21 05:51:05.508071,2025-01-21 12:31:06.635496,2025-01-21 16:05:10.818993
262,"101",2025-01-21 05:00:55.727228,2025-01-21 05:59:39.862133,2025-01-23 16:51:18.638406,2025-01-23 19:37:16.122903
274,"101",2025-01-21 06:13:48.852623,2025-01-21 06:48:14.416492,2025-01-23 20:47:58.061504,2025-01-23 23:32:37.256331
331,"101",2025-01-21 06:48:31.949086,2025-01-21 07:46:57.764038,2025-01-23 08:16:28.375411,2025-01-23 11:25:29.016353
307,"101",2025-01-21 07:43:27.271849,2025-01-21 09:06:33.482494,2025-01-24 00:04:01.812921,2025-01-24 01:02:53.918442
358,"221",2025-01-21 08:01:54.726643,2025-01-21 08:44:32.725317,2025-01-21 16:58:43.093333,2025-01-21 18:43:15.961247
312,"101",2025-01-21 09:30:18.265863,2025-01-21 09:55:19.166025,2025-01-23 02:32:04.995688,2025-01-23 06:04:26.007428
309,"101",2025-01-21 09:41:31.684723,2025-01-21 09:57:20.858362,2025-01-23 06:54:35.813981,2025-01-23 08:22:17.915615
259,"101",2025-01-21 10:53:11.029008,2025-01-21 12:00:43.821809,2025-01-23 17:29:03.136128,2025-01-23 19:33:32.974744
298,"101",2025-01-21 11:28:46.470049,2025-01-21 11:55:38.253871,2025-01-24 07:06:12.999911,2025-01-24 08:14:44.886688
333,"101",2025-01-21 14:58:05.055559,2025-01-21 15:37:32.598886,2025-01-23 19:06:05.074671,2025-01-23 20:57:56.189552
267,"101",2025-01-21 17:30:17.285197,2025-01-21 18:31:20.28448,2025-01-24 21:25:09.739102,2025-01-24 22:02:34.748398
303,"101",2025-01-21 17:37:46.739927,2025-01-21 18:35:11.155759,2025-01-24 15:45:22.354637,2025-01-24 18:28:32.433562
329,"101",2025-01-21 17:38:42.991684,2025-01-21 18:01:28.563231,2025-01-23 21:31:03.815747,2025-01-23 23:51:52.021128
374,"218",2025-01-21 17:52:42.977668,2025-01-21 18:08:59.71292,2025-01-21 19:09:02.003419,2025-01-21 19:24:42.153064
347,"101",2025-01-21 19:07:06.274854,2025-01-21 19:34:34.528273,2025-01-23 17:34:26.111468,2025-01-23 18:36:49.722816
284,"101",2025-01-21 21:21:08.827076,2025-01-21 22:38:04.716127,2025-01-24 14:33:02.425779,2025-01-24 17:08:31.989508
348,"101",2025-01-21 21:46:48.748445,2025-01-21 22:07:16.822812,2025-01-24 12:37:40.156507,2025-01-24 15:24:21.432516
338,"101",2025-01-21 21:53:37.957551,2025-01-21 22:29:55.525533,2025-01-23 08:56:51.231599,2025-01-23 10:14:31.006609
356,"221",2025-01-21 22:11:36.782547,2025-01-21 22:58:28.854502,2025-01-22 01:47:10.253247,2025-01-22 03:28:52.531596
345,"101",2025-01-21 23:27:43.107989,2025-01-22 00:16:43.71557,2025-01-23 22:55:39.817707,2025-01-24 01:20:12.804371
332,"101",2025-01-22 00:39:19.113992,2025-01-22 00:53:24.71974,2025-01-23 15:04:13.120796,2025-01-23 17:02:01.604901
318,"101",2025-01-22 01:16:46.097396,2025-01-22 01:45:45.318465,2025-01-24 01:29:37.003473,2025-01-24 02:59:33.266805
261,"101",2025-01-22 06:12:55.949369,2025-01-22 06:43:26.693857,2025-01-23 17:20:54.919683,2025-01-23 21:07:21.353398
336,"101",2025-01-22 07:10:54.600447,2025-01-22 07:25:09.136666,2025-01-24 07:04:27.166248,2025-01-24 08:22:24.755131
282,"101",2025-01-22 07:52:21.101181,2025-01-22 08:35:25.213999,2025-01-24 08:40:56.584109,2025-01-24 09:02:26.645877
277,"101",2025-01-22 09:20:25.978291,2025-01-22 09:54:01.537108,2025-01-24 08:28:14.492521,2025-01-24 09:51:34.984887
319,"101",2025-01-22 10:11:08.693215,2025-01-22 10:44:37.95165,2025-01-24 06:52:08.59268,2025-01-24 08:58:54.091088
299,"101",2025-01-22 12:26:17.370101,2025-01-22 13:55:44.685038,2025-01-24 10:45:48.663576,2025-01-24 13:34:46.358641
375,"218",2025-01-22 16:00:36.956166,2025-01-22 16:05:47.567172,2025-01-22 17:07:53.486626,2025-01-22 17:19:44.118417
344,"101",2025-01-22 17:34:08.211159,2025-01-22 18:34:33.099768,2025-01-24 22:18:38.386897,2025-01-25 00:18:32.413193
357,"221",2025-01-22 18:14:24.202226,2025-01-22 18:52:26.720866,2025-01-23 02:53:16.134736,2025-01-23 06:14:02.016384
260,"101",2025-01-22 21:10:09.526327,2025-01-22 22:13:29.064272,2025-01-24 15:22:49.497336,2025-01-24 15:44:04.060048
271,"101",2025-01-23 00:31:23.398833,2025-01-23 00:48:00.805209,2025-01-25 06:03:52.455109,2025-01-25 07:50:07.370469
273,"101",2025-01-23 01:28:36.568725,2025-01-23 02:40:40.361936,2025-01-24 23:21:39.606191,2025-01-24 23:42:40.297739
365,"221",2025-01-23 02:36:48.589934,2025-01-23 03:39:46.624883,2025-01-23 12:53:03.511127,2025-01-23 15:56:58.348488
343,"101",2025-01-23 03:24:42.011086,2025-01-23 04:25:29.582535,2025-01-25 03:37:49.944389,2025-01-25 06:16:23.123502
289,"101",2025-01-23 06:17:55.887878,2025-01-23 07:07:38.833458,2025-01-25 09:03:00.083758,2025-01-25 11:45:13.397225
278,"101",2025-01-23 06:46:05.126898,2025-01-23 07:42:40.684556,2025-01-25 09:40:11.62587,2025-01-25 12:45:59.729235
252,"101",2025-01-23 09:50:00.936954,2025-01-23 10:14:57.11708,2025-01-25 10:41:18.501482,2025-01-25 12:01:48.300036
300,"101",2025-01-23 09:57:45.148194,2025-01-23 10:34:28.988303,2025-01-25 10:57:48.702325,2025-01-25 12:32:12.982251
359,"221",2025-01-23 11:31:26.784473,2025-01-23 11:54:27.875324,2025-01-23 19:36:30.054574,2025-01-23 21:05:06.220292
321,"101",2025-01-23 11:32:53.32029,2025-01-23 12:27:33.469107,2025-01-25 14:44:01.647465,2025-01-25 16:53:32.415637
355,"221",2025-01-23 17:05:20.383489,2025-01-23 17:31:04.277302,2025-01-24 06:20:08.579382,2025-01-24 07:49:50.982487
293,"101",2025-01-23 17:24:01.734046,2025-01-23 18:18:06.4355,2025-01-25 18:14:02.633479,2025-01-25 18:41:37.267479
325,"101",2025-01-23 18:50:02.487912,2025-01-23 19:35:38.76058,2025-01-24 20:04:55.849788,2025-01-24 22:08:13.679291
350,"101",2025-01-23 19:31:43.683067,2025-01-23 20:25:32.671972,2025-01-26 04:44:05.200258,2025-01-26 05:00:03.836396
326,"101",2025-01-23 19:34:21.69956,2025-01-23 20:24:47.70849,2025-01-25 22:58:27.095249,2025-01-26 00:44:37.031172
272,"101",2025-01-24 00:38:53.221717,2025-01-24 01:55:07.514678,2025-01-26 08:36:59.201646,2025-01-26 12:19:40.464807
317,"101",2025-01-24 00:45:35.755843,2025-01-24 00:52:06.26386,2025-01-25 22:12:54.824844,2025-01-26 00:04:43.278533
330,"101",2025-01-24 01:36:05.675249,2025-01-24 02:50:35.444167,2025-01-26 12:24:35.248855,2025-01-26 13:58:41.442917
287,"101",2025-01-24 01:43:59.542544,2025-01-24 02:44:50.283763,2025-01-25 23:22:08.26989,2025-01-26 00:55:24.999927
313,"101",2025-01-24 02:16:40.903345,2025-01-24 03:02:31.270205,2025-01-26 21:16:30.283377,2025-01-27 00:37:15.948496
362,"221",2025-01-24 03:05:04.116412,2025-01-24 03:41:57.317759,2025-01-24 10:08:35.323579,2025-01-24 11:49:25.300044
263,"101",2025-01-24 07:07:31.178799,2025-01-24 08:01:31.281749,2025-01-26 11:57:45.029618,2025-01-26 14:47:41.265852
314,"101",2025-01-24 08:13:27.733947,2025-01-24 09:34:00.186387,2025-01-26 04:22:19.114025,2025-01-26 05:31:44.833226
324,"101",2025-01-24 08:30:41.95053,2025-01-24 09:09:56.202632,2025-01-25 17:36:48.314402,2025-01-25 19:53:21.817523
310,"101",2025-01-24 09:19:01.091474,2025-01-24 09:24:01.091474,2025-01-26 15:00:51.37089,2025-01-26 17:25:52.407904
315,"101",2025-01-24 13:37:04.870752,2025-01-24 14:29:01.489965,2025-01-26 02:06:41.524977,2025-01-26 03:26:29.977757
311,"101",2025-01-24 15:05:23.57216,2025-01-24 16:03:23.192422,2025-01-27 15:47:12.488182,2025-01-27 16:16:42.69222
342,"101",2025-01-24 16:22:11.603238,2025-01-24 17:22:07.224734,2025-01-26 07:15:07.327596,2025-01-26 09:06:24.930297
257,"101",2025-01-24 20:46:47.120322,2025-01-24 21:29:40.219546,2025-01-25 16:20:55.734566,2025-01-25 19:06:13.375143
301,"101",2025-01-24 21:25:38.201166,2025-01-24 22:06:19.39255,2025-01-26 03:29:10.993658,2025-01-26 05:04:54.301033
349,"101",2025-01-24 22:01:57.099097,2025-01-24 22:53:42.504601,2025-01-27 00:56:24.624144,2025-01-27 03:42:04.658363
306,"101",2025-01-24 22:48:14.281868,2025-01-24 23:36:33.619146,2025-01-27 00:06:43.464405,2025-01-27 02:41:06.81761
334,"101",2025-01-24 23:10:24.719105,2025-01-24 23:42:49.507514,2025-01-27 03:47:28.310722,2025-01-27 06:44:08.935687
268,"101",2025-01-25 00:11:47.64147,2025-01-25 00:42:13.181633,2025-01-26 00:16:18.285292,2025-01-26 02:59:57.03464
308,"101",2025-01-25 00:30:10.921958,2025-01-25 01:20:15.38404,2025-01-26 06:24:07.023698,2025-01-26 08:20:24.283654
264,"101",2025-01-25 01:12:15.686851,2025-01-25 02:18:09.952778,2025-01-27 15:14:23.439052,2025-01-27 15:20:03.791971
276,"101",2025-01-25 03:18:23.811323,2025-01-25 03:49:40.7941,2025-01-26 18:09:40.331691,2025-01-26 20:02:45.212662
302,"101",2025-01-25 04:08:14.196815,2025-01-25 05:14:29.771039,2025-01-27 00:35:00.419662,2025-01-27 02:26:15.650455
322,"101",2025-01-25 05:14:45.141726,2025-01-25 06:00:01.897817,2025-01-27 04:43:50.145114,2025-01-27 06:44:46.170731
253,"101",2025-01-25 05:36:01.466011,2025-01-25 06:10:19.329315,NA,NA
371,"218",2025-01-25 09:28:25.201132,2025-01-25 09:41:56.390468,2025-01-25 10:40:33.395961,2025-01-25 11:29:05.828228
256,"101",2025-01-25 11:36:58.099264,2025-01-25 12:30:17.113336,2025-01-27 23:42:19.474399,2025-01-28 01:35:47.856546
279,"101",2025-01-25 11:44:25.885466,2025-01-25 12:11:27.13466,NA,NA
341,"101",2025-01-25 13:26:29.697271,2025-01-25 14:20:19.500337,2025-01-28 08:07:35.318095,NA
339,"101",2025-01-25 13:42:35.650444,2025-01-25 14:21:07.396833,2025-01-28 08:01:05.51201,2025-01-28 08:50:32.718794
294,"101",2025-01-25 15:23:49.376863,2025-01-25 16:27:50.952436,2025-01-27 09:58:39.514287,2025-01-27 11:17:16.838034
346,"101",2025-01-25 16:20:09.697636,2025-01-25 17:34:31.717674,NA,NA
305,"101",2025-01-25 17:18:58.661677,2025-01-25 18:56:39.113153,2025-01-27 04:56:53.281797,2025-01-27 07:25:26.732176
296,"101",2025-01-25 18:44:53.424593,2025-01-25 18:53:03.096533,2025-01-28 08:42:05.537253,2025-01-28 10:19:30.066187
372,"218",2025-01-25 19:58:49.872401,2025-01-25 20:04:21.525514,2025-01-25 20:52:34.191767,2025-01-25 21:27:00.053126
269,"101",2025-01-25 20:31:21.709929,2025-01-25 21:26:54.361072,2025-01-28 02:08:21.865964,2025-01-28 05:22:24.736776
304,"101",2025-01-25 22:21:26.393039,2025-01-25 23:19:54.073022,2025-01-27 18:20:00.075191,2025-01-27 19:50:32.148483
266,"101",2025-01-25 22:34:17.155324,2025-01-25 22:56:27.874741,2025-01-27 20:01:07.864224,2025-01-27 21:36:35.702139
275,"101",2025-01-25 23:46:48.099532,2025-01-26 00:26:46.572201,2025-01-26 18:59:41.795652,2025-01-26 20:40:51.318886
351,"221",2025-01-26 00:08:09.231147,2025-01-26 01:03:00.23717,2025-01-26 10:50:03.700874,NA
354,"221",2025-01-26 01:51:36.65852,2025-01-26 02:35:26.733617,2025-01-26 08:46:23.354089,2025-01-26 09:03:27.293747
352,"221",2025-01-26 02:46:40.019583,2025-01-26 03:32:45.578678,2025-01-26 13:06:06.883264,2025-01-26 14:07:24.321189
255,"101",2025-01-26 04:22:19.649385,2025-01-26 05:19:20.165589,2025-01-28 15:50:27.406207,NA
316,"101",2025-01-26 05:32:52.608937,2025-01-26 06:12:08.092002,NA,NA
258,"101",2025-01-26 05:39:12.776265,2025-01-26 06:07:04.90122,2025-01-29 02:51:14.243032,NA
320,"101",2025-01-26 06:09:10.249768,2025-01-26 07:07:51.296647,2025-01-28 19:45:27.337147,NA
280,"101",2025-01-26 06:52:11.889297,2025-01-26 07:33:23.493432,2025-01-28 15:13:42.981243,2025-01-28 18:11:28.375416
361,"221",2025-01-26 09:04:12.434043,2025-01-26 09:27:24.752435,2025-01-26 17:42:17.803045,2025-01-26 20:09:07.798788
370,"221",2025-01-26 10:58:05.40313,2025-01-26 11:15:06.13805,2025-01-26 20:19:04.504653,NA
364,"221",2025-01-26 12:26:50.373931,2025-01-26 13:16:38.877909,2025-01-26 20:41:22.71289,2025-01-26 22:24:35.888497
254,"101",2025-01-26 13:33:53.742757,2025-01-26 14:16:41.245277,2025-01-28 18:50:03.249876,NA
295,"101",2025-01-26 17:15:53.627866,2025-01-26 17:48:55.40661,2025-01-28 11:15:01.821006,2025-01-28 14:06:37.077462
291,"101",2025-01-26 19:35:20.01391,2025-01-26 19:52:05.697668,2025-01-29 04:27:34.221375,2025-01-29 06:32:55.882859
368,"221",2025-01-26 19:50:06.83294,2025-01-26 20:55:04.808956,2025-01-27 03:42:22.770322,NA
323,"101",2025-01-26 23:17:48.070981,2025-01-27 00:06:24.363462,2025-01-28 16:52:34.010249,2025-01-28 17:16:31.837788
270,"101",2025-01-27 00:00:59.353689,2025-01-27 01:19:27.528215,2025-01-29 05:56:31.464629,2025-01-29 07:23:19.856768
328,"101",2025-01-27 01:07:40.510304,2025-01-27 02:29:13.663494,2025-01-29 18:52:02.66521,NA
297,"101",2025-01-27 03:51:11.446737,2025-01-27 04:26:29.939297,2025-01-29 17:04:05.829557,2025-01-29 17:09:05.829557
251,"101",2025-01-27 06:19:51.185985,2025-01-27 06:51:50.844671,2025-01-28 21:54:21.333956,NA
367,"221",2025-01-27 07:12:13.183807,2025-01-27 07:59:27.573445,2025-01-27 13:52:16.416722,2025-01-27 15:13:41.213237
